name,age,sex
wangzijian,123,男
李四,24,男
张三,23,女
赵六,126,男
钱七,127,女
孙八,18,男
周九,129,女
吴十,130,男
郑十一,131,女
王十二,132,男
刘十三,133,女
陈十四,134,男
杨十五,135,女
赵十六,136,男
钱十七,137,女
孙十八,138,男
周十九,139,女
吴二十,140,男
郑二十一,141,女
王二十二,142,男
刘二十三,143,女
陈二十四,144,男
杨二十五,145,女
赵二十六,146,男
钱二十七,147,女
孙二十八,148,男
周二十九,149,女
吴三十,150,男
郑三十一,151,女
王三十二,152,男
刘三十三,153,女
陈三十四,154,男
杨三十五,155,女
赵三十六,156,男
钱三十七,157,女
孙三十八,158,男
周三十九,159,女
吴四十,160,男
郑四十一,161,女
王四十二,162,男
刘四十三,163,女
陈四十四,164,男
杨四十五,165,女
赵四十六,166,男
钱四十七,167,女
孙四十八,168,男
周四十九,169,女
吴五十,170,男
郑五十一,171,女
王五十二,172,男
刘五十三,173,女
陈五十四,174,男
杨五十五,175,女
赵五十六,176,男
钱五十七,177,女
孙五十八,178,男
周五十九,179,女
吴六十,180,男
郑六十一,181,女
王六十二,182,男
刘六十三,183,女
陈六十四,184,男
杨六十五,185,女
赵六十六,186,男
钱六十七,187,女
孙六十八,188,男
周六十九,189,女
吴七十,190,男
郑七十一,191,女
王七十二,192,男
刘七十三,193,女
陈七十四,194,男
杨七十五,195,女
赵七十六,196,男
钱七十七,197,女
孙七十八,198,男
周七十九,199,女
吴八十,200,男
郑八十一,201,女
王八十二,202,男
刘八十三,203,女
陈八十四,204,男
杨八十五,205,女
赵八十六,206,男
钱八十七,207,女
孙八十八,208,男
周八十九,209,女
吴九十,210,男
郑九十一,211,女
王九十二,212,男
刘九十三,213,女
陈九十四,214,男
杨九十五,215,女
赵九十六,216,男
钱九十七,217,女
孙九十八,218,男
周九十九,219,女
吴一百,220,男